ts_micro,frame,wheel
1562627960849,1,125
1562627960887,2,125
1562627960915,3,125
1562627960935,4,124
1562627960955,5,124
1562627960974,6,124
1562627960999,7,124
1562627961024,8,125
1562627961049,9,125
1562627961074,10,125
1562627961099,11,127
1562627961124,12,127
1562627961149,13,127
1562627961175,14,125
1562627961199,15,125
1562627961224,16,125
1562627961249,17,125
1562627961274,18,125
1562627961299,19,125
1562627961324,20,125
1562627961349,21,125
1562627961374,22,125
1562627961399,23,125
1562627961424,24,126
1562627961449,25,127
1562627961474,26,127
1562627961499,27,126
1562627961525,28,125
1562627961549,29,125
1562627961574,30,125
1562627961599,31,125
1562627961624,32,125
1562627961649,33,125
1562627961674,34,124
1562627961699,35,125
1562627961742,36,125
1562627961773,37,127
1562627961824,38,127
1562627961854,39,126
1562627961898,40,125
1562627961931,41,123
1562627961974,42,127
1562627962020,43,127
1562627962052,44,128
1562627962098,45,138
1562627962129,46,154
1562627962178,47,162
1562627962209,48,171
1562627962256,49,186
1562627962287,50,192
1562627962323,51,201
1562627962378,52,206
1562627962422,53,207
1562627962464,54,206
1562627962491,55,203
1562627962527,56,194
1562627962561,57,179
1562627962593,58,168
1562627962639,59,164
1562627962674,60,155
1562627962717,61,148
1562627962752,62,149
1562627962801,63,148
1562627962834,64,144
1562627962865,65,137
1562627962912,66,131
1562627962948,67,129
1562627962992,68,128
1562627963025,69,128
1562627963073,70,128
1562627963105,71,127
1562627963138,72,128
1562627963187,73,128
1562627963225,74,127
1562627963273,75,130
1562627963296,76,130
1562627963346,77,129
1562627963379,78,130
1562627963425,79,130
1562627963456,80,134
1562627963490,81,140
1562627963538,82,144
1562627963570,83,142
1562627963616,84,139
1562627963656,85,136
1562627963693,86,133
1562627963730,87,127
1562627963762,88,130
1562627963812,89,130
1562627963845,90,128
1562627963899,91,127
1562627963930,92,125
1562627963968,93,124
1562627964017,94,125
1562627964057,95,125
1562627964088,96,124
1562627964117,97,123
1562627964157,98,124
1562627964195,99,124
1562627964243,100,123
1562627964274,101,127
1562627964307,102,125
1562627964357,103,126
1562627964388,104,125
1562627964433,105,125
1562627964467,106,125
1562627964514,107,126
1562627964547,108,126
1562627964580,109,126
1562627964622,110,132
1562627964658,111,138
1562627964709,112,147
1562627964741,113,150
1562627964797,114,151
1562627964832,115,149
1562627964882,116,148
1562627964902,117,142
1562627964927,118,137
1562627964978,119,133
1562627965012,120,132
1562627965058,121,128
1562627965087,122,128
1562627965124,123,128
1562627965172,124,127
1562627965202,125,128
1562627965256,126,126
1562627965285,127,130
1562627965330,128,130
1562627965362,129,129
1562627965410,130,130
1562627965443,131,131
1562627965476,132,135
1562627965525,133,141
1562627965552,134,144
1562627965619,135,145
1562627965651,136,149
1562627965694,137,151
1562627965716,138,154
1562627965750,139,159
1562627965792,140,166
1562627965826,141,166
1562627965875,142,163
1562627965905,143,162
1562627965953,144,161
1562627965986,145,157
1562627966017,146,153
1562627966064,147,150
1562627966099,148,147
1562627966150,149,147
1562627966181,150,147
1562627966226,151,147
1562627966261,152,153
1562627966307,153,152
1562627966339,154,151
1562627966365,155,151
1562627966448,156,156
1562627966490,157,161
1562627966509,158,166
1562627966525,159,169
1562627966581,160,174
1562627966615,161,176
1562627966644,162,180
1562627966693,163,184
1562627966727,164,187
1562627966773,165,189
1562627966810,166,187
1562627966853,167,187
1562627966888,168,187
1562627966936,169,186
1562627966963,170,178
1562627966998,171,171
1562627967044,172,169
1562627967074,173,171
1562627967125,174,174
1562627967157,175,179
1562627967206,176,178
1562627967240,177,176
1562627967272,178,174
1562627967316,179,170
1562627967347,180,169
1562627967394,181,171
1562627967425,182,169
1562627967474,183,169
1562627967508,184,167
1562627967541,185,166
1562627967588,186,165
1562627967622,187,165
1562627967666,188,163
1562627967701,189,156
1562627967747,190,151
1562627967779,191,151
1562627967813,192,150
1562627967861,193,147
1562627967890,194,147
1562627967956,195,148
1562627967988,196,149
1562627968022,197,148
1562627968052,198,149
1562627968085,199,148
1562627968132,200,149
1562627968165,201,150
1562627968214,202,151
1562627968247,203,154
1562627968293,204,157
1562627968324,205,153
1562627968353,206,151
1562627968404,207,148
1562627968436,208,144
1562627968483,209,144
1562627968517,210,145
1562627968563,211,145
1562627968596,212,139
1562627968628,213,131
1562627968677,214,127
1562627968710,215,128
1562627968761,216,130
1562627968806,217,130
1562627968833,218,130
1562627968872,219,127
1562627968903,220,128
1562627968950,221,128
1562627968980,222,125
1562627969028,223,124
1562627969060,224,124
1562627969110,225,125
1562627969144,226,125
1562627969189,227,126
1562627969219,228,125
1562627969251,229,126
1562627969297,230,128
1562627969334,231,125
1562627969382,232,125
1562627969416,233,130
1562627969460,234,128
1562627969492,235,125
1562627969557,236,125
1562627969593,237,126
1562627969626,238,132
1562627969655,239,126
1562627969688,240,125
1562627969731,241,128
1562627969762,242,128
1562627969814,243,127
1562627969845,244,128
1562627969879,245,130
1562627969925,246,129
1562627969957,247,126
1562627970005,248,128
1562627970037,249,133
1562627970085,250,133
1562627970117,251,134
1562627970152,252,137
1562627970197,253,138
1562627970228,254,139
1562627970279,255,143
1562627970312,256,148
1562627970375,257,145
1562627970409,258,148
1562627970434,259,154
1562627970463,260,156
1562627970500,261,157
1562627970553,262,159
1562627970586,263,162
1562627970629,264,162
1562627970661,265,160
1562627970691,266,159
1562627970742,267,161
1562627970775,268,165
1562627970824,269,167
1562627970860,270,173
1562627970900,271,176
1562627970932,272,179
1562627970984,273,182
1562627971017,274,185
1562627971048,275,188
1562627971093,276,190
1562627971127,277,201
1562627971185,278,203
1562627971223,279,206
1562627971253,280,203
1562627971287,281,199
1562627971322,282,190
1562627971365,283,188
1562627971398,284,176
1562627971445,285,163
1562627971478,286,152
1562627971532,287,145
1562627971558,288,139
1562627971590,289,134
1562627971633,290,129
1562627971670,291,127
1562627971723,292,128
1562627971752,293,127
1562627971797,294,126
1562627971831,295,127
1562627971862,296,125
1562627971910,297,125
1562627971944,298,126
1562627972004,299,125
1562627972043,300,125
1562627972071,301,125
1562627972099,302,127
1562627972151,303,127
1562627972181,304,125
1562627972217,305,127
1562627972263,306,127
1562627972296,307,125
1562627972344,308,125
1562627972380,309,124
1562627972421,310,124
1562627972455,311,125
1562627972497,312,125
1562627972537,313,125
1562627972569,314,125
1562627972612,315,127
1562627972651,316,128
1562627972694,317,128
1562627972729,318,133
1562627972786,319,133
1562627972832,320,136
1562627972857,321,139
1562627972886,322,146
1562627972919,323,146
1562627972967,324,145
1562627973001,325,145
1562627973029,326,142
1562627973083,327,143
1562627973114,328,147
1562627973160,329,151
1562627973192,330,157
1562627973241,331,163
1562627973273,332,164
1562627973305,333,166
1562627973352,334,167
1562627973387,335,167
1562627973431,336,168
1562627973463,337,174
1562627973509,338,175
1562627973546,339,175
1562627973595,340,183
1562627973643,341,188
1562627973668,342,188
1562627973705,343,191
1562627973735,344,191
1562627973780,345,187
1562627973815,346,180
1562627973863,347,176
1562627973895,348,172
1562627973928,349,164
1562627973973,350,163
1562627974008,351,165
1562627974055,352,167
1562627974091,353,171
1562627974141,354,172
1562627974167,355,175
1562627974194,356,182
1562627974245,357,182
1562627974279,358,181
1562627974327,359,182
1562627974361,360,180
1562627974425,361,176
1562627974455,362,174
1562627974490,363,172
1562627974521,364,169
1562627974552,365,166
1562627974599,366,165
1562627974631,367,165
1562627974678,368,165
1562627974714,369,168
1562627974758,370,168
1562627974792,371,164
1562627974823,372,163
1562627974874,373,159
1562627974900,374,158
1562627974945,375,150
1562627974984,376,139
1562627975016,377,134
1562627975065,378,133
1562627975096,379,131
1562627975148,380,128
1562627975194,381,131
1562627975252,382,133
1562627975277,383,132
1562627975293,384,133
1562627975335,385,131
1562627975365,386,128
1562627975417,387,128
1562627975451,388,128
1562627975496,389,127
1562627975528,390,128
1562627975576,391,128
1562627975609,392,128
1562627975641,393,128
1562627975686,394,130
1562627975719,395,130
1562627975768,396,127
1562627975802,397,126
1562627975844,398,125
1562627975880,399,124
1562627975925,400,124
1562627975958,401,125
1562627976005,402,124
1562627976052,403,121
1562627976082,404,116
1562627976119,405,117
1562627976150,406,120
1562627976201,407,124
1562627976234,408,125
1562627976262,409,127
1562627976312,410,126
1562627976348,411,126
1562627976390,412,126
1562627976422,413,127
1562627976473,414,129
1562627976505,415,131
1562627976536,416,133
1562627976597,417,136
1562627976617,418,140
1562627976662,419,144
1562627976694,420,145
1562627976745,421,151
1562627976774,422,154
1562627976838,423,153
1562627976870,424,155
1562627976897,425,159
1562627976936,426,161
1562627976967,427,164
1562627977012,428,167
1562627977050,429,173
1562627977094,430,180
1562627977127,431,182
1562627977159,432,183
1562627977211,433,186
1562627977240,434,188
1562627977287,435,191
1562627977319,436,192
1562627977366,437,198
1562627977399,438,203
1562627977431,439,203
1562627977488,440,204
1562627977518,441,204
1562627977564,442,198
1562627977597,443,177
1562627977659,444,149
1562627977688,445,137
1562627977704,446,137
1562627977753,447,136
1562627977786,448,133
1562627977831,449,129
1562627977864,450,128
1562627977912,451,127
1562627977945,452,129
1562627977976,453,131
1562627978025,454,132
1562627978057,455,129
1562627978103,456,132
1562627978136,457,131
1562627978181,458,133
1562627978217,459,135
1562627978264,460,136
1562627978297,461,135
1562627978329,462,133
1562627978376,463,133
1562627978415,464,135
1562627978468,465,136
1562627978503,466,138
1562627978535,467,139
1562627978568,468,148
1562627978601,469,155
1562627978648,470,154
1562627978683,471,156
1562627978731,472,157
1562627978764,473,154
1562627978809,474,162
1562627978843,475,164
1562627978874,476,163
1562627978920,477,162
1562627978953,478,162
1562627979000,479,161
1562627979032,480,161
1562627979083,481,161
1562627979114,482,162
1562627979147,483,163
1562627979194,484,164
1562627979241,485,163
1562627979290,486,168
1562627979322,487,167
1562627979356,488,169
1562627979385,489,169
1562627979421,490,170
1562627979466,491,172
1562627979497,492,172
1562627979550,493,172
1562627979577,494,171
1562627979625,495,169
1562627979657,496,169
1562627979706,497,168
1562627979738,498,166
1562627979769,499,168
1562627979821,500,170
1562627979854,501,171
1562627979897,502,171
1562627979932,503,175
1562627979978,504,185
1562627980010,505,188
1562627980054,506,184
1562627980106,507,179
1562627980129,508,174
1562627980164,509,166
1562627980204,510,165
1562627980251,511,161
1562627980283,512,156
1562627980316,513,153
1562627980362,514,150
1562627980395,515,150
1562627980441,516,146
1562627980475,517,145
1562627980521,518,147
1562627980555,519,147
1562627980586,520,148
1562627980636,521,152
1562627980667,522,148
1562627980715,523,149
1562627980749,524,147
1562627980795,525,147
1562627980827,526,149
1562627980889,527,148
1562627980924,528,148
1562627980945,529,146
1562627980981,530,148
1562627981031,531,147
1562627981067,532,147
1562627981100,533,145
1562627981147,534,139
1562627981179,535,130
1562627981211,536,128
1562627981258,537,127
1562627981290,538,125
1562627981340,539,125
1562627981372,540,125
1562627981416,541,125
1562627981447,542,125
1562627981484,543,127
1562627981531,544,127
1562627981564,545,131
1562627981612,546,135
1562627981653,547,144
1562627981708,548,145
1562627981744,549,145
1562627981758,550,152
1562627981800,551,156
1562627981837,552,158
1562627981887,553,158
1562627981916,554,158
1562627981964,555,157
1562627981997,556,164
1562627982044,557,163
1562627982076,558,162
1562627982109,559,162
1562627982153,560,160
1562627982186,561,159
1562627982236,562,155
1562627982268,563,155
1562627982300,564,156
1562627982344,565,157
1562627982376,566,156
1562627982420,567,156
1562627982473,568,156
1562627982520,569,161
1562627982548,570,167
1562627982586,571,177
1562627982620,572,189
1562627982651,573,188
1562627982698,574,184
1562627982733,575,180
1562627982782,576,174
1562627982816,577,170
1562627982855,578,167
1562627982892,579,168
1562627982923,580,168
1562627982974,581,167
1562627983005,582,166
1562627983051,583,169
1562627983084,584,172
1562627983133,585,172
1562627983163,586,171
1562627983213,587,167
1562627983245,588,158
1562627983292,589,150
1562627983334,590,148
1562627983363,591,145
1562627983403,592,144
1562627983435,593,140
1562627983484,594,134
1562627983517,595,133
1562627983550,596,130
1562627983596,597,131
1562627983628,598,128
1562627983676,599,130
1562627983709,600,130
1562627983755,601,128
1562627983786,602,128
1562627983821,603,126
1562627983869,604,124
1562627983904,605,126
1562627983950,606,126
1562627983987,607,129
1562627984028,608,127
1562627984062,609,126
1562627984110,610,130
1562627984159,611,130
1562627984176,612,128
1562627984220,613,128
1562627984251,614,127
1562627984299,615,128
1562627984332,616,127
1562627984365,617,130
1562627984414,618,128
1562627984447,619,131
1562627984492,620,141
1562627984525,621,142
1562627984574,622,145
1562627984605,623,147
1562627984639,624,151
1562627984688,625,155
1562627984717,626,159
1562627984768,627,164
1562627984818,628,167
1562627984849,629,167
1562627984897,630,168
1562627984936,631,164
1562627984978,632,159
1562627984995,633,156
1562627985037,634,155
1562627985073,635,157
1562627985118,636,159
1562627985149,637,159
1562627985196,638,162
1562627985231,639,165
1562627985264,640,168
1562627985311,641,169
1562627985345,642,168
1562627985390,643,168
1562627985421,644,166
1562627985469,645,165
1562627985501,646,166
1562627985538,647,166
1562627985584,648,167
1562627985615,649,168
1562627985659,650,165
1562627985711,651,165
1562627985755,652,169
1562627985783,653,172
1562627985807,654,174
1562627985852,655,177
1562627985886,656,177
1562627985935,657,176
1562627985967,658,177
1562627986018,659,177
1562627986050,660,177
1562627986081,661,180
1562627986121,662,180
1562627986157,663,181
1562627986206,664,181
1562627986242,665,183
1562627986284,666,182
1562627986318,667,181
1562627986368,668,181
1562627986397,669,182
1562627986424,670,180
1562627986484,671,178
1562627986527,672,175
1562627986572,673,177
1562627986590,674,175
1562627986636,675,175
1562627986672,676,173
1562627986704,677,173
1562627986750,678,176
1562627986784,679,175
1562627986828,680,176
1562627986862,681,177
1562627986913,682,178
1562627986946,683,176
1562627986978,684,177
1562627987022,685,177
1562627987051,686,178
1562627987102,687,175
1562627987135,688,176
1562627987182,689,177
1562627987215,690,175
1562627987260,691,174
1562627987298,692,174
1562627987345,693,173
1562627987392,694,172
1562627987408,695,172
1562627987454,696,171
1562627987486,697,174
1562627987530,698,177
1562627987567,699,176
1562627987598,700,175
1562627987646,701,175
1562627987684,702,175
1562627987725,703,175
1562627987759,704,175
1562627987807,705,175
1562627987840,706,173
1562627987872,707,174
1562627987919,708,172
1562627987953,709,171
1562627987994,710,174
1562627988038,711,174
1562627988081,712,172
1562627988130,713,169
1562627988161,714,166
1562627988205,715,164
1562627988224,716,164
1562627988269,717,165
1562627988303,718,166
1562627988352,719,165
1562627988383,720,166
1562627988419,721,167
1562627988460,722,167
1562627988495,723,168
1562627988541,724,171
1562627988574,725,167
1562627988622,726,168
1562627988656,727,167
1562627988688,728,168
1562627988734,729,169
1562627988767,730,169
1562627988812,731,165
1562627988852,732,164
1562627988897,733,162
1562627988934,734,161
1562627988972,735,161
1562627989014,736,161
1562627989039,737,161
1562627989086,738,158
1562627989121,739,155
1562627989167,740,151
1562627989198,741,150
1562627989247,742,148
1562627989279,743,147
1562627989312,744,147
1562627989359,745,147
1562627989390,746,147
1562627989439,747,148
1562627989471,748,150
1562627989519,749,152
1562627989551,750,150
1562627989582,751,147
1562627989631,752,147
1562627989665,753,146
1562627989719,754,142
1562627989758,755,140
1562627989805,756,141
1562627989825,757,138
1562627989853,758,141
1562627989902,759,139
1562627989936,760,139
1562627989983,761,142
1562627990018,762,141
1562627990064,763,141
1562627990096,764,139
1562627990143,765,139
1562627990175,766,138
1562627990208,767,137
1562627990257,768,137
1562627990289,769,136
1562627990332,770,135
1562627990369,771,136
1562627990419,772,136
1562627990449,773,135
1562627990479,774,133
1562627990539,775,131
1562627990576,776,133
1562627990622,777,130
1562627990639,778,131
1562627990687,779,130
1562627990722,780,127
1562627990752,781,127
1562627990796,782,127
1562627990835,783,126
1562627990879,784,127
1562627990912,785,126
1562627990960,786,126
1562627990994,787,130
1562627991025,788,128
1562627991072,789,128
1562627991108,790,127
1562627991151,791,127
1562627991183,792,127
1562627991234,793,126
1562627991261,794,127
1562627991294,795,127
1562627991359,796,126
1562627991391,797,127
1562627991436,798,128
1562627991460,799,127
1562627991505,800,128
1562627991538,801,130
1562627991572,802,132
1562627991615,803,131
1562627991647,804,136
1562627991697,805,137
1562627991727,806,141
1562627991777,807,143
1562627991810,808,145
1562627991855,809,145
1562627991887,810,147
1562627991919,811,148
1562627991970,812,151
1562627992001,813,155
1562627992047,814,156
1562627992082,815,154
1562627992129,816,156
1562627992174,817,158
1562627992203,818,159
1562627992243,819,162
1562627992275,820,166
1562627992318,821,167
1562627992352,822,168
1562627992402,823,168
1562627992435,824,168
1562627992466,825,168
1562627992515,826,171
1562627992546,827,172
1562627992591,828,176
1562627992625,829,181
1562627992669,830,180
1562627992704,831,179
1562627992751,832,178
1562627992784,833,179
1562627992817,834,180
1562627992865,835,185
1562627992898,836,186
1562627992940,837,186
1562627992989,838,188
1562627993038,839,187
1562627993061,840,191
1562627993087,841,191
1562627993135,842,190
1562627993172,843,188
1562627993217,844,187
1562627993249,845,187
1562627993298,846,186
1562627993328,847,183
1562627993361,848,180
1562627993408,849,179
1562627993444,850,177
1562627993488,851,171
1562627993521,852,167
1562627993570,853,165
1562627993601,854,164
1562627993628,855,165
1562627993682,856,163
1562627993715,857,160
1562627993759,858,161
1562627993810,859,159
1562627993858,860,158
1562627993879,861,155
1562627993908,862,150
1562627993953,863,148
1562627993986,864,145
1562627994032,865,144
1562627994062,866,141
1562627994111,867,139
1562627994149,868,136
1562627994192,869,136
1562627994225,870,126
1562627994257,871,125
1562627994306,872,125
1562627994339,873,125
1562627994389,874,125
1562627994418,875,126
1562627994465,876,127
1562627994498,877,127
1562627994527,878,128
1562627994580,879,128
1562627994633,880,130
1562627994670,881,140
1562627994707,882,133
1562627994753,883,134
1562627994785,884,134
1562627994833,885,132
1562627994866,886,133
1562627994913,887,130
1562627994947,888,125
1562627994979,889,126
1562627995022,890,127
1562627995056,891,125
1562627995105,892,125
1562627995140,893,125
1562627995185,894,125
1562627995217,895,125
1562627995250,896,125
1562627995298,897,125
1562627995328,898,125
1562627995380,899,125
1562627995423,900,127
1562627995469,901,133
1562627995486,902,137
1562627995521,903,139
1562627995569,904,145
1562627995601,905,147
1562627995649,906,150
1562627995682,907,152
1562627995728,908,155
1562627995761,909,159
1562627995811,910,165
1562627995843,911,169
1562627995877,912,174
1562627995922,913,174
1562627995951,914,176
1562627996000,915,177
1562627996033,916,174
1562627996082,917,174
1562627996114,918,175
1562627996149,919,176
1562627996204,920,176
1562627996240,921,177
1562627996289,922,183
1562627996308,923,186
1562627996357,924,185
1562627996389,925,185
1562627996419,926,182
1562627996470,927,184
1562627996502,928,182
1562627996548,929,183
1562627996581,930,188
1562627996628,931,196
1562627996659,932,203
1562627996692,933,201
1562627996738,934,199
1562627996770,935,196
1562627996822,936,188
1562627996856,937,175
1562627996896,938,164
1562627996931,939,157
1562627996967,940,155
1562627997030,941,148
1562627997073,942,141
1562627997104,943,129
1562627997127,944,126
1562627997172,945,124
1562627997204,946,124
1562627997239,947,124
1562627997284,948,124
1562627997316,949,125
1562627997360,950,124
1562627997398,951,124
1562627997444,952,124
1562627997484,953,128
1562627997524,954,128
1562627997556,955,130
1562627997587,956,133
1562627997641,957,139
1562627997671,958,142
1562627997713,959,145
1562627997752,960,145
1562627997796,961,145
1562627997844,962,151
1562627997885,963,151
1562627997919,964,156
1562627997943,965,162
1562627997985,966,166
1562627998020,967,170
1562627998068,968,174
1562627998102,969,177
1562627998134,970,182
1562627998181,971,185
1562627998213,972,185
1562627998259,973,183
1562627998289,974,176
1562627998340,975,161
1562627998374,976,155
1562627998418,977,154
1562627998450,978,157
1562627998482,979,163
1562627998533,980,167
1562627998566,981,166
1562627998616,982,159
1562627998660,983,153
1562627998704,984,142
1562627998730,985,133
1562627998752,986,132
1562627998804,987,133
1562627998838,988,136
1562627998893,989,148
1562627998930,990,155
1562627998966,991,163
1562627999003,992,171
1562627999028,993,174
1562627999073,994,177
1562627999112,995,178
1562627999155,996,177
1562627999189,997,184
1562627999233,998,188
1562627999270,999,186
1562627999304,1000,174
1562627999346,1001,155
1562627999381,1002,137
1562627999429,1003,133
1562627999477,1004,135
1562627999523,1005,137
1562627999545,1006,141
1562627999586,1007,143
1562627999618,1008,145
1562627999652,1009,144
1562627999700,1010,142
1562627999735,1011,142
1562627999780,1012,153
1562627999814,1013,181
1562627999859,1014,194
1562627999891,1015,205
1562627999924,1016,208
1562627999977,1017,207
1562628000007,1018,204
1562628000051,1019,184
1562628000084,1020,150
1562628000133,1021,131
1562628000161,1022,126
1562628000192,1023,122
1562628000256,1024,122
1562628000295,1025,124
1562628000336,1026,124
1562628000355,1027,124
1562628000406,1028,123
1562628000438,1029,125
1562628000469,1030,128
1562628000516,1031,140
1562628000549,1032,145
1562628000595,1033,145
1562628000625,1034,147
1562628000680,1035,151
1562628000713,1036,148
1562628000761,1037,145
1562628000789,1038,141
1562628000822,1039,142
1562628000870,1040,147
1562628000902,1041,158
1562628000949,1042,168
1562628000981,1043,174
1562628001028,1044,183
1562628001074,1045,198
1562628001098,1046,204
1562628001149,1047,205
1562628001174,1048,202
1562628001221,1049,177
1562628001252,1050,139
1562628001301,1051,125
1562628001332,1052,124
1562628001364,1053,124
1562628001413,1054,125
1562628001447,1055,125
1562628001492,1056,124
1562628001526,1057,125
1562628001569,1058,126
1562628001604,1059,133
1562628001637,1060,140
1562628001685,1061,144
1562628001717,1062,144
1562628001767,1063,143
1562628001805,1064,144
1562628001845,1065,148
1562628001902,1066,153
1562628001950,1067,155
1562628001967,1068,155
1562628001992,1069,157
1562628002037,1070,168
1562628002075,1071,179
1562628002119,1072,188
1562628002151,1073,194
1562628002201,1074,201
1562628002232,1075,203
1562628002263,1076,203
1562628002308,1077,198
1562628002343,1078,175
1562628002390,1079,156
1562628002422,1080,154
1562628002470,1081,145
1562628002501,1082,136
1562628002539,1083,130
1562628002580,1084,129
1562628002614,1085,133
1562628002670,1086,133
1562628002708,1087,133
1562628002756,1088,136
1562628002775,1089,136
1562628002808,1090,136
1562628002852,1091,136
1562628002885,1092,134
1562628002935,1093,132
1562628002965,1094,130
1562628003008,1095,126
1562628003047,1096,125
1562628003077,1097,124
1562628003125,1098,124
1562628003158,1099,125
1562628003209,1100,123
1562628003240,1101,122
1562628003283,1102,124
1562628003317,1103,124
1562628003368,1104,125
1562628003400,1105,126
1562628003428,1106,131
1562628003482,1107,136
1562628003526,1108,137
1562628003570,1109,136
1562628003590,1110,144
1562628003642,1111,146
1562628003673,1112,151
1562628003705,1113,155
1562628003750,1114,161
1562628003782,1115,163
1562628003830,1116,161
1562628003864,1117,163
1562628003907,1118,165
1562628003946,1119,168
1562628003979,1120,171
1562628004022,1121,172
1562628004054,1122,176
1562628004107,1123,185
1562628004137,1124,181
1562628004182,1125,182
1562628004213,1126,182
1562628004248,1127,182
1562628004310,1128,182
1562628004342,1129,182
1562628004379,1130,182
1562628004410,1131,182
1562628004453,1132,179
1562628004485,1133,177
1562628004518,1134,174
1562628004569,1135,173
1562628004600,1136,172
1562628004647,1137,171
1562628004680,1138,173
1562628004725,1139,170
1562628004758,1140,167
1562628004811,1141,168
1562628004841,1142,166
1562628004876,1143,167
1562628004919,1144,168
1562628004951,1145,166
1562628004999,1146,165
1562628005033,1147,165
1562628005083,1148,163
1562628005127,1149,161
1562628005163,1150,161
1562628005192,1151,161
1562628005223,1152,164
1562628005272,1153,164
1562628005301,1154,165
1562628005337,1155,162
1562628005383,1156,159
1562628005415,1157,154
1562628005463,1158,151
1562628005496,1159,151
1562628005543,1160,150
1562628005577,1161,150
1562628005621,1162,150
1562628005661,1163,148
1562628005691,1164,149
1562628005738,1165,148
1562628005766,1166,150
1562628005815,1167,152
1562628005848,1168,151
1562628005906,1169,153
1562628005941,1170,155
1562628005989,1171,153
1562628006010,1172,155
1562628006044,1173,155
1562628006088,1174,155
1562628006120,1175,155
1562628006167,1176,155
1562628006199,1177,156
1562628006245,1178,158
1562628006280,1179,156
1562628006312,1180,156
1562628006358,1181,158
1562628006392,1182,156
1562628006441,1183,158
1562628006472,1184,156
1562628006519,1185,156
1562628006551,1186,157
1562628006590,1187,156
1562628006632,1188,156
1562628006663,1189,157
1562628006718,1190,158
1562628006760,1191,156
1562628006801,1192,155
1562628006824,1193,154
1562628006867,1194,157
1562628006906,1195,158
1562628006938,1196,159
1562628006983,1197,162
1562628007015,1198,163
1562628007065,1199,163
1562628007099,1200,163
1562628007139,1201,161
1562628007176,1202,160
1562628007213,1203,158
1562628007256,1204,156
1562628007288,1205,155
1562628007343,1206,156
1562628007373,1207,156
1562628007421,1208,156
1562628007451,1209,154
1562628007483,1210,156
1562628007550,1211,156
1562628007581,1212,156
1562628007615,1213,159
1562628007640,1214,161
1562628007689,1215,163
1562628007721,1216,161
1562628007753,1217,157
1562628007805,1218,158
1562628007835,1219,161
1562628007880,1220,166
1562628007913,1221,169
1562628007961,1222,171
1562628007994,1223,172
1562628008041,1224,175
1562628008075,1225,175
1562628008103,1226,175
1562628008153,1227,177
1562628008185,1228,176
1562628008234,1229,175
1562628008270,1230,175
1562628008307,1231,176
1562628008363,1232,177
1562628008396,1233,173
1562628008429,1234,174
1562628008458,1235,172
1562628008506,1236,172
1562628008542,1237,173
1562628008581,1238,174
1562628008617,1239,173
1562628008649,1240,178
1562628008701,1241,178
1562628008732,1242,180
1562628008777,1243,184
1562628008809,1244,188
1562628008857,1245,187
1562628008892,1246,188
1562628008922,1247,188
1562628008969,1248,190
1562628009003,1249,190
1562628009045,1250,191
1562628009080,1251,194
1562628009133,1252,194
1562628009175,1253,193
1562628009207,1254,187
1562628009245,1255,183
1562628009275,1256,176
1562628009321,1257,174
1562628009353,1258,169
1562628009406,1259,159
1562628009437,1260,150
1562628009469,1261,132
1562628009509,1262,123
1562628009544,1263,124
1562628009595,1264,124
1562628009629,1265,124
1562628009676,1266,124
1562628009708,1267,121
1562628009753,1268,118
1562628009786,1269,117
1562628009816,1270,121
1562628009870,1271,125
1562628009901,1272,125
1562628009967,1273,126
1562628009996,1274,124
1562628010036,1275,124
1562628010058,1276,124
1562628010086,1277,125
1562628010141,1278,123
1562628010177,1279,125
1562628010217,1280,126
1562628010250,1281,130
1562628010300,1282,134
1562628010332,1283,137
1562628010363,1284,142
1562628010410,1285,145
1562628010441,1286,145
1562628010494,1287,151
1562628010522,1288,153
1562628010573,1289,158
1562628010607,1290,161
1562628010638,1291,162
1562628010681,1292,163
1562628010715,1293,164
1562628010776,1294,169
1562628010809,1295,171
1562628010853,1296,179
1562628010876,1297,180
1562628010919,1298,183
1562628010953,1299,186
1562628010987,1300,188
1562628011035,1301,187
1562628011068,1302,188
1562628011113,1303,186
1562628011147,1304,185
1562628011196,1305,184
1562628011226,1306,177
1562628011255,1307,173
1562628011311,1308,172
1562628011341,1309,165
1562628011382,1310,163
1562628011417,1311,163
1562628011467,1312,165
1562628011501,1313,169
1562628011530,1314,174
1562628011591,1315,180
1562628011631,1316,188
1562628011671,1317,190
1562628011692,1318,186
1562628011738,1319,183
1562628011774,1320,181
1562628011805,1321,177
1562628011848,1322,172
1562628011883,1323,164
1562628011933,1324,160
1562628011965,1325,160
1562628012011,1326,159
1562628012044,1327,158
1562628012077,1328,155
1562628012123,1329,153
1562628012154,1330,154
1562628012205,1331,151
1562628012238,1332,148
1562628012283,1333,146
1562628012313,1334,142
1562628012348,1335,141
1562628012410,1336,142
1562628012445,1337,137
1562628012484,1338,137
1562628012514,1339,136
1562628012561,1340,131
1562628012592,1341,129
1562628012636,1342,129
1562628012669,1343,131
1562628012710,1344,131
1562628012750,1345,125
1562628012779,1346,125
1562628012834,1347,125
1562628012866,1348,125
1562628012910,1349,125
1562628012942,1350,122
1562628012979,1351,124
1562628013027,1352,124
1562628013053,1353,124
1562628013099,1354,124
1562628013133,1355,125
1562628013189,1356,130
1562628013227,1357,139
1562628013254,1358,146
1562628013292,1359,153
1562628013325,1360,163
1562628013379,1361,168
1562628013409,1362,176
1562628013453,1363,178
1562628013486,1364,177
1562628013535,1365,177
1562628013565,1366,177
1562628013600,1367,177
1562628013640,1368,177
1562628013677,1369,177
1562628013722,1370,174
1562628013758,1371,173
1562628013804,1372,173
1562628013837,1373,174
1562628013872,1374,177
1562628013918,1375,179
1562628013951,1376,181
1562628014010,1377,183
1562628014056,1378,184
1562628014094,1379,182
1562628014115,1380,180
1562628014146,1381,180
1562628014187,1382,177
1562628014224,1383,176
1562628014275,1384,177
1562628014306,1385,180
1562628014348,1386,181
1562628014381,1387,185
1562628014414,1388,190
1562628014462,1389,190
1562628014496,1390,190
1562628014542,1391,190
1562628014580,1392,186
1562628014622,1393,183
1562628014649,1394,180
1562628014685,1395,177
1562628014735,1396,172
1562628014768,1397,168
1562628014828,1398,166
1562628014866,1399,165
1562628014902,1400,163
1562628014927,1401,163
1562628014973,1402,162
1562628015012,1403,162
1562628015043,1404,161
1562628015085,1405,160
1562628015113,1406,162
1562628015173,1407,162
1562628015202,1408,159
1562628015248,1409,148
1562628015282,1410,138
1562628015314,1411,137
1562628015357,1412,133
1562628015390,1413,133
1562628015441,1414,129
1562628015472,1415,126
1562628015517,1416,127
1562628015550,1417,124
1562628015578,1418,124
1562628015643,1419,125
1562628015677,1420,125
1562628015711,1421,125
1562628015744,1422,123
1562628015788,1423,126
1562628015821,1424,128
1562628015854,1425,127
1562628015907,1426,128
1562628015938,1427,130
1562628015987,1428,133
1562628016014,1429,142
1562628016061,1430,148
1562628016093,1431,153
1562628016138,1432,160
1562628016175,1433,165
1562628016212,1434,164
1562628016253,1435,161
1562628016290,1436,162
1562628016336,1437,154
1562628016370,1438,156
1562628016433,1439,160
1562628016463,1440,159
1562628016503,1441,159
1562628016530,1442,165
1562628016558,1443,169
1562628016605,1444,169
1562628016644,1445,173
1562628016686,1446,177
1562628016718,1447,176
1562628016752,1448,177
1562628016801,1449,179
1562628016831,1450,179
1562628016878,1451,178
1562628016917,1452,179
1562628016960,1453,178
1562628016992,1454,181
1562628017027,1455,183
1562628017068,1456,186
1562628017103,1457,190
1562628017151,1458,189
1562628017183,1459,187
1562628017243,1460,189
1562628017276,1461,189
1562628017310,1462,185
1562628017342,1463,181
1562628017375,1464,183
1562628017423,1465,183
1562628017458,1466,181
1562628017505,1467,174
1562628017533,1468,163
1562628017582,1469,155
1562628017616,1470,151
1562628017646,1471,145
1562628017697,1472,140
1562628017731,1473,140
1562628017777,1474,140
1562628017810,1475,142
1562628017855,1476,144
1562628017887,1477,145
1562628017921,1478,149
1562628017971,1479,149
1562628017997,1480,148
1562628018051,1481,145
1562628018095,1482,144
1562628018132,1483,141
1562628018161,1484,140
1562628018192,1485,136
1562628018236,1486,132
1562628018274,1487,135
1562628018318,1488,134
1562628018350,1489,130
1562628018402,1490,132
1562628018435,1491,129
1562628018465,1492,129
1562628018511,1493,133
1562628018543,1494,133
1562628018591,1495,132
1562628018624,1496,136
1562628018672,1497,137
1562628018704,1498,139
1562628018751,1499,140
1562628018789,1500,142
1562628018819,1501,141
1562628018893,1502,137
1562628018939,1503,132
1562628018959,1504,125
1562628018972,1505,125
1562628019022,1506,125
1562628019057,1507,126
1562628019092,1508,129
1562628019141,1509,132
1562628019175,1510,136
1562628019219,1511,136
1562628019253,1512,138
1562628019300,1513,142
1562628019330,1514,142
1562628019362,1515,144
1562628019408,1516,151
1562628019445,1517,154
1562628019487,1518,153
1562628019519,1519,155
1562628019571,1520,156
1562628019602,1521,154
1562628019634,1522,155
1562628019680,1523,156
1562628019713,1524,156
1562628019759,1525,157
1562628019791,1526,158
1562628019841,1527,161
1562628019876,1528,161
1562628019917,1529,162
1562628019952,1530,163
1562628019985,1531,162
1562628020034,1532,165
1562628020068,1533,162
1562628020116,1534,164
1562628020148,1535,167
1562628020191,1536,167
1562628020224,1537,172
1562628020258,1538,177
1562628020308,1539,177
1562628020338,1540,177
1562628020391,1541,180
1562628020432,1542,179
1562628020464,1543,180
1562628020495,1544,183
1562628020528,1545,185
1562628020578,1546,185
1562628020615,1547,185
1562628020656,1548,183
1562628020689,1549,178
1562628020736,1550,180
1562628020768,1551,194
1562628020801,1552,199
1562628020845,1553,195
1562628020881,1554,188
1562628020929,1555,187
1562628020962,1556,191
1562628021013,1557,195
1562628021044,1558,195
1562628021091,1559,183
1562628021124,1560,170
1562628021166,1561,168
1562628021219,1562,163
1562628021252,1563,160
1562628021280,1564,157
1562628021311,1565,152
1562628021365,1566,147
1562628021396,1567,143
1562628021421,1568,139
1562628021477,1569,137
1562628021507,1570,134
1562628021553,1571,127
1562628021588,1572,126
1562628021634,1573,125
1562628021667,1574,124
1562628021699,1575,124
1562628021747,1576,123
1562628021777,1577,126
1562628021830,1578,128
1562628021858,1579,129
1562628021900,1580,131
1562628021937,1581,132
1562628021991,1582,136
1562628022036,1583,137
1562628022065,1584,139
1562628022102,1585,144
1562628022134,1586,145
1562628022177,1587,146
1562628022209,1588,144
1562628022238,1589,136
1562628022292,1590,130
1562628022324,1591,126
1562628022371,1592,128
1562628022402,1593,131
1562628022449,1594,129
1562628022483,1595,131
1562628022531,1596,132
1562628022562,1597,132
1562628022596,1598,134
1562628022636,1599,139
1562628022674,1600,142
1562628022719,1601,144
1562628022755,1602,143
1562628022814,1603,146
1562628022848,1604,147
1562628022876,1605,149
1562628022914,1606,151
1562628022947,1607,153
1562628022996,1608,154
1562628023030,1609,160
1562628023078,1610,168
1562628023111,1611,169
1562628023143,1612,169
1562628023186,1613,172
1562628023220,1614,180
1562628023269,1615,182
1562628023305,1616,181
1562628023346,1617,179
1562628023379,1618,177
1562628023428,1619,179
1562628023461,1620,178
1562628023494,1621,176
1562628023541,1622,174
1562628023574,1623,172
1562628023640,1624,170
1562628023664,1625,172
1562628023698,1626,179
1562628023730,1627,180
1562628023764,1628,182
1562628023805,1629,187
1562628023843,1630,188
1562628023890,1631,183
1562628023924,1632,180
1562628023971,1633,177
1562628024002,1634,177
1562628024036,1635,177
1562628024083,1636,175
1562628024114,1637,175
1562628024163,1638,174
1562628024197,1639,174
1562628024242,1640,174
1562628024278,1641,176
1562628024307,1642,174
1562628024354,1643,171
1562628024409,1644,166
1562628024453,1645,162
1562628024481,1646,162
1562628024515,1647,161
1562628024548,1648,160
1562628024579,1649,154
1562628024630,1650,151
1562628024660,1651,149
1562628024706,1652,145
1562628024742,1653,145
1562628024787,1654,149
1562628024817,1655,147
1562628024853,1656,148
1562628024899,1657,149
1562628024933,1658,146
1562628024974,1659,145
1562628025015,1660,145
1562628025062,1661,147
1562628025096,1662,147
1562628025126,1663,149
1562628025172,1664,151
1562628025236,1665,153
1562628025273,1666,156
1562628025292,1667,159
1562628025332,1668,157
1562628025365,1669,153
1562628025411,1670,153
1562628025443,1671,153
1562628025476,1672,156
1562628025523,1673,158
1562628025556,1674,160
1562628025606,1675,161
1562628025643,1676,161
1562628025686,1677,165
1562628025718,1678,164
1562628025749,1679,164
1562628025804,1680,165
1562628025836,1681,165
1562628025876,1682,161
1562628025907,1683,152
1562628025957,1684,140
1562628026006,1685,129
1562628026038,1686,124
1562628026082,1687,122
1562628026104,1688,121
1562628026148,1689,114
1562628026200,1690,113
1562628026231,1691,113
1562628026267,1692,109
1562628026305,1693,111
1562628026340,1694,113
1562628026381,1695,119
1562628026421,1696,125
1562628026455,1697,125
1562628026504,1698,129
1562628026535,1699,136
1562628026580,1700,140
1562628026623,1701,151
1562628026652,1702,153
1562628026692,1703,160
1562628026727,1704,164
1562628026776,1705,165
1562628026830,1706,171
1562628026867,1707,177
1562628026902,1708,178
1562628026919,1709,184
1562628026962,1710,186
1562628027000,1711,186
1562628027048,1712,186
1562628027076,1713,190
1562628027129,1714,195
1562628027160,1715,199
1562628027192,1716,200
1562628027233,1717,203
1562628027273,1718,200
1562628027316,1719,195
1562628027348,1720,177
1562628027403,1721,159
1562628027432,1722,155
1562628027477,1723,148
1562628027511,1724,144
1562628027544,1725,139
1562628027590,1726,134
1562628027631,1727,131
1562628027685,1728,131
1562628027721,1729,133
1562628027748,1730,134
1562628027782,1731,135
1562628027813,1732,140
1562628027864,1733,141
1562628027898,1734,140
1562628027942,1735,141
1562628027978,1736,139
1562628028021,1737,136
1562628028053,1738,136
1562628028082,1739,136
1562628028138,1740,136
1562628028169,1741,136
1562628028212,1742,136
1562628028245,1743,136
1562628028297,1744,133
1562628028327,1745,133
1562628028359,1746,128
1562628028408,1747,127
1562628028457,1748,127
1562628028498,1749,126
1562628028529,1750,126
1562628028564,1751,126
1562628028600,1752,129
1562628028631,1753,133
1562628028679,1754,135
1562628028710,1755,135
1562628028757,1756,136
1562628028791,1757,135
1562628028843,1758,136
1562628028874,1759,138
1562628028907,1760,137
1562628028951,1761,134
1562628028983,1762,132
1562628029031,1763,130
1562628029064,1764,132
1562628029110,1765,133
1562628029142,1766,133
1562628029189,1767,130
1562628029222,1768,129
1562628029281,1769,128
1562628029324,1770,129
1562628029346,1771,132
1562628029385,1772,133
1562628029417,1773,132
1562628029457,1774,135
1562628029497,1775,136
1562628029532,1776,135
1562628029576,1777,134
1562628029614,1778,134
1562628029660,1779,132
1562628029687,1780,133
1562628029735,1781,132
1562628029768,1782,134
1562628029802,1783,134
1562628029848,1784,137
1562628029882,1785,137
1562628029928,1786,141
1562628029962,1787,141
1562628030006,1788,142
1562628030065,1789,145
1562628030109,1790,152
1562628030136,1791,158
1562628030154,1792,162
1562628030194,1793,168
1562628030231,1794,169
1562628030281,1795,169
1562628030314,1796,174
1562628030359,1797,175
1562628030392,1798,172
1562628030427,1799,168
1562628030472,1800,166
1562628030508,1801,169
1562628030554,1802,171
1562628030586,1803,170
1562628030634,1804,174
1562628030670,1805,191
1562628030700,1806,193
1562628030744,1807,191
1562628030776,1808,192
1562628030827,1809,200
1562628030866,1810,197
1562628030927,1811,189
1562628030958,1812,180
1562628030978,1813,165
1562628031016,1814,150
1562628031048,1815,141
1562628031100,1816,134
1562628031132,1817,134
1562628031175,1818,130
1562628031208,1819,131
1562628031240,1820,140
1562628031288,1821,146
1562628031318,1822,149
1562628031367,1823,156
1562628031399,1824,165
1562628031450,1825,168
1562628031479,1826,163
1562628031528,1827,153
1562628031565,1828,139
1562628031595,1829,137
1562628031650,1830,134
1562628031701,1831,129
1562628031735,1832,127
1562628031766,1833,126
1562628031781,1834,124
1562628031828,1835,125
1562628031866,1836,125
1562628031912,1837,126
1562628031945,1838,127
1562628031995,1839,126
1562628032027,1840,126
1562628032072,1841,125
1562628032104,1842,123
1562628032135,1843,125
1562628032184,1844,125
1562628032218,1845,136
1562628032260,1846,153
1562628032295,1847,154
1562628032343,1848,160
1562628032377,1849,166
1562628032408,1850,162
1562628032455,1851,158
1562628032502,1852,156
1562628032551,1853,159
1562628032577,1854,163
1562628032615,1855,164
1562628032650,1856,165
1562628032680,1857,179
1562628032724,1858,188
1562628032761,1859,188
1562628032804,1860,186
1562628032860,1861,190
1562628032892,1862,200
1562628032926,1863,202
1562628032973,1864,201
1562628033004,1865,183
1562628033039,1866,162
1562628033082,1867,146
1562628033115,1868,127
1562628033164,1869,126
1562628033195,1870,126
1562628033235,1871,125
1562628033273,1872,131
1562628033330,1873,132
1562628033374,1874,133
1562628033394,1875,131
1562628033434,1876,131
1562628033467,1877,133
1562628033513,1878,134
1562628033546,1879,143
1562628033577,1880,155
1562628033630,1881,159
1562628033653,1882,165
1562628033700,1883,168
1562628033739,1884,162
1562628033784,1885,158
1562628033817,1886,145
1562628033851,1887,136
1562628033899,1888,137
1562628033930,1889,137
1562628033978,1890,141
1562628034012,1891,148
1562628034060,1892,159
1562628034101,1893,165
1562628034147,1894,166
1562628034187,1895,169
1562628034204,1896,173
1562628034249,1897,172
1562628034281,1898,165
1562628034330,1899,164
1562628034367,1900,157
1562628034409,1901,142
1562628034440,1902,137
1562628034475,1903,140
1562628034521,1904,148
1562628034554,1905,159
1562628034598,1906,162
1562628034636,1907,167
1562628034681,1908,174
1562628034713,1909,179
1562628034745,1910,179
1562628034793,1911,186
1562628034828,1912,187
1562628034872,1913,180
1562628034920,1914,172
1562628034969,1915,164
1562628035000,1916,158
1562628035018,1917,151
1562628035064,1918,153
1562628035100,1919,166
1562628035146,1920,163
1562628035177,1921,159
1562628035228,1922,162
1562628035261,1923,161
1562628035292,1924,153
1562628035332,1925,146
1562628035374,1926,129
1562628035416,1927,126
1562628035449,1928,124
1562628035501,1929,125
1562628035528,1930,124
1562628035566,1931,119
1562628035609,1932,121
1562628035643,1933,123
1562628035693,1934,123
1562628035738,1935,125
1562628035788,1936,129
1562628035817,1937,138
1562628035850,1938,148
1562628035882,1939,160
1562628035917,1940,166
1562628035965,1941,170
1562628035994,1942,176
1562628036035,1943,177
1562628036074,1944,182
1562628036123,1945,187
1562628036155,1946,185
1562628036188,1947,186
1562628036237,1948,189
1562628036269,1949,182
1562628036314,1950,174
1562628036346,1951,173
1562628036400,1952,167
1562628036430,1953,165
1562628036457,1954,170
1562628036500,1955,167
1562628036562,1956,164
1562628036603,1957,157
1562628036626,1958,144
1562628036668,1959,133
1562628036700,1960,125
1562628036736,1961,125
1562628036778,1962,122
1562628036810,1963,122
1562628036860,1964,125
1562628036895,1965,124
1562628036935,1966,122
1562628036974,1967,125
1562628037018,1968,125
1562628037051,1969,128
1562628037083,1970,135
1562628037134,1971,147
1562628037163,1972,161
1562628037209,1973,170
1562628037243,1974,179
1562628037292,1975,179
1562628037325,1976,182
1562628037370,1977,178
1562628037410,1978,164
1562628037437,1979,153
1562628037481,1980,141
1562628037514,1981,134
1562628037564,1982,131
1562628037595,1983,130
1562628037629,1984,126
1562628037675,1985,126
1562628037707,1986,124
1562628037753,1987,125
1562628037786,1988,126
1562628037841,1989,131
1562628037873,1990,135
1562628037904,1991,136
1562628037947,1992,145
1562628037981,1993,161
1562628038029,1994,176
1562628038062,1995,178
1562628038107,1996,188
1562628038154,1997,204
1562628038205,1998,202
1562628038235,1999,187
1562628038271,2000,176
1562628038302,2001,162
1562628038331,2002,151
1562628038380,2003,149
1562628038415,2004,148
1562628038462,2005,145
1562628038494,2006,138
1562628038527,2007,126
1562628038573,2008,126
1562628038609,2009,125
1562628038651,2010,124
1562628038685,2011,124
1562628038732,2012,123
1562628038764,2013,122
1562628038793,2014,122
1562628038839,2015,122
1562628038879,2016,123
1562628038924,2017,125
1562628038975,2018,123
1562628039022,2019,125
1562628039048,2020,128
1562628039069,2021,128
1562628039116,2022,139
1562628039148,2023,152
1562628039195,2024,162
1562628039228,2025,163
1562628039273,2026,156
1562628039310,2027,156
1562628039355,2028,157
1562628039389,2029,155
1562628039422,2030,159
1562628039468,2031,160
1562628039502,2032,163
1562628039549,2033,169
1562628039583,2034,168
1562628039628,2035,168
1562628039661,2036,168
1562628039709,2037,169
1562628039738,2038,168
1562628039794,2039,166
1562628039834,2040,167
1562628039854,2041,168
1562628039895,2042,167
1562628039934,2043,165
1562628039967,2044,166
1562628040012,2045,168
1562628040046,2046,169
1562628040096,2047,169
1562628040128,2048,171
1562628040172,2049,173
1562628040205,2050,175
1562628040241,2051,173
1562628040285,2052,170
1562628040318,2053,172
1562628040364,2054,168
1562628040397,2055,172
1562628040444,2056,175
1562628040478,2057,176
1562628040508,2058,175
1562628040566,2059,177
1562628040603,2060,177
1562628040643,2061,177
1562628040671,2062,177
1562628040717,2063,191
1562628040749,2064,191
1562628040797,2065,190
1562628040829,2066,191
1562628040862,2067,189
1562628040908,2068,185
1562628040940,2069,183
1562628040990,2070,181
1562628041022,2071,175
1562628041070,2072,169
1562628041099,2073,166
1562628041134,2074,164
1562628041180,2075,164
1562628041225,2076,164
1562628041266,2077,159
1562628041299,2078,151
1562628041345,2079,135
1562628041390,2080,133
1562628041422,2081,128
1562628041463,2082,120
1562628041485,2083,118
1562628041532,2084,113
1562628041573,2085,105
1562628041612,2086,97
1562628041644,2087,96
1562628041686,2088,99
1562628041729,2089,97
1562628041760,2090,96
1562628041807,2091,109
1562628041835,2092,124
1562628041886,2093,133
1562628041917,2094,136
1562628041950,2095,133
1562628042001,2096,136
1562628042033,2097,136
1562628042078,2098,141
1562628042111,2099,155
1562628042159,2100,155
1562628042207,2101,155
1562628042239,2102,161
1562628042280,2103,168
1562628042301,2104,174
1562628042348,2105,174
1562628042382,2106,179
1562628042433,2107,179
1562628042464,2108,179
1562628042497,2109,177
1562628042543,2110,178
1562628042576,2111,183
1562628042623,2112,188
1562628042655,2113,193
1562628042705,2114,195
1562628042741,2115,197
1562628042781,2116,199
1562628042815,2117,199
1562628042846,2118,202
1562628042897,2119,204
1562628042928,2120,199
1562628042976,2121,183
1562628043029,2122,166
1562628043066,2123,162
1562628043094,2124,161
1562628043118,2125,158
1562628043168,2126,158
1562628043202,2127,156
1562628043246,2128,156
1562628043287,2129,159
1562628043325,2130,162
1562628043357,2131,163
1562628043390,2132,168
1562628043433,2133,167
1562628043476,2134,164
1562628043516,2135,159
1562628043551,2136,150
1562628043601,2137,140
1562628043634,2138,134
1562628043663,2139,130
1562628043711,2140,131
1562628043745,2141,129
1562628043798,2142,126
1562628043848,2143,125
1562628043889,2144,123
1562628043906,2145,123
1562628043944,2146,124
1562628043979,2147,124
1562628044015,2148,124
1562628044062,2149,123
1562628044095,2150,124
1562628044143,2151,127
1562628044174,2152,131
1562628044221,2153,131
1562628044255,2154,130
1562628044286,2155,131
1562628044339,2156,131
1562628044372,2157,130
1562628044420,2158,135
1562628044443,2159,139
1562628044498,2160,137
1562628044529,2161,136
1562628044560,2162,139
1562628044625,2163,140
1562628044666,2164,143
1562628044697,2165,145
1562628044718,2166,147
1562628044768,2167,144
1562628044803,2168,143
1562628044834,2169,150
1562628044879,2170,168
1562628044911,2171,174
1562628044961,2172,174
1562628044992,2173,171
1562628045039,2174,169
1562628045072,2175,169
1562628045118,2176,172
1562628045151,2177,175
1562628045183,2178,178
1562628045232,2179,180
1562628045263,2180,174
1562628045312,2181,171
1562628045344,2182,169
1562628045390,2183,168
1562628045436,2184,169
1562628045474,2185,164
1562628045521,2186,163
1562628045540,2187,168
1562628045583,2188,166
1562628045619,2189,173
1562628045662,2190,180
1562628045695,2191,180
1562628045729,2192,178
1562628045770,2193,177
1562628045809,2194,172
1562628045856,2195,175
1562628045888,2196,177
1562628045936,2197,177
1562628045971,2198,178
1562628046015,2199,179
1562628046046,2200,174
1562628046081,2201,169
1562628046130,2202,168
1562628046160,2203,166
1562628046203,2204,168
1562628046254,2205,164
1562628046304,2206,165
1562628046321,2207,164
1562628046347,2208,167
1562628046405,2209,173
1562628046437,2210,172
1562628046483,2211,172
1562628046517,2212,173
1562628046560,2213,168
1562628046596,2214,169
1562628046629,2215,166
1562628046693,2216,163
1562628046711,2217,161
1562628046749,2218,158
1562628046787,2219,154
1562628046833,2220,147
1562628046865,2221,142
1562628046897,2222,138
1562628046946,2223,137
1562628046979,2224,140
1562628047039,2225,142
1562628047072,2226,142
1562628047117,2227,142
1562628047136,2228,141
1562628047168,2229,139
1562628047217,2230,142
1562628047250,2231,144
1562628047296,2232,145
1562628047328,2233,145
1562628047377,2234,147
1562628047410,2235,151
1562628047460,2236,153
1562628047491,2237,153
1562628047523,2238,154
1562628047569,2239,154
1562628047605,2240,156
1562628047647,2241,157
1562628047681,2242,156
1562628047731,2243,158
1562628047763,2244,159
1562628047794,2245,159
1562628047857,2246,162
1562628047898,2247,167
1562628047934,2248,169
1562628047955,2249,169
1562628048000,2250,167
1562628048037,2251,166
1562628048068,2252,164
1562628048113,2253,164
1562628048148,2254,165
1562628048192,2255,164
1562628048225,2256,164
1562628048273,2257,162
1562628048308,2258,161
1562628048342,2259,159
1562628048385,2260,156
1562628048417,2261,154
1562628048465,2262,153
1562628048497,2263,150
1562628048541,2264,152
1562628048577,2265,151
1562628048623,2266,154
1562628048671,2267,159
1562628048704,2268,156
1562628048740,2269,158
1562628048771,2270,156
1562628048818,2271,150
1562628048849,2272,148
1562628048898,2273,148
1562628048928,2274,150
1562628048962,2275,151
1562628049006,2276,152
1562628049041,2277,151
1562628049090,2278,146
1562628049123,2279,147
1562628049166,2280,144
1562628049205,2281,142
1562628049237,2282,140
1562628049282,2283,140
1562628049314,2284,142
1562628049361,2285,142
1562628049395,2286,142
1562628049452,2287,143
1562628049499,2288,140
1562628049535,2289,141
1562628049550,2290,141
1562628049581,2291,140
1562628049634,2292,140
1562628049666,2293,141
1562628049713,2294,142
1562628049746,2295,143
1562628049779,2296,146
1562628049828,2297,145
1562628049862,2298,147
1562628049905,2299,144
1562628049938,2300,143
1562628049985,2301,143
1562628050015,2302,141
1562628050067,2303,141
1562628050099,2304,140
1562628050142,2305,143
1562628050179,2306,149
1562628050210,2307,151
1562628050270,2308,153
1562628050303,2309,156
1562628050348,2310,156
1562628050369,2311,158
1562628050402,2312,159
1562628050451,2313,159
1562628050483,2314,162
1562628050530,2315,165
1562628050563,2316,162
1562628050609,2317,162
1562628050642,2318,163
1562628050674,2319,163
1562628050724,2320,162
1562628050758,2321,161
1562628050802,2322,163
1562628050839,2323,162
1562628050886,2324,161
1562628050916,2325,160
1562628050948,2326,159
1562628050998,2327,154
1562628051031,2328,155
1562628051088,2329,153
1562628051129,2330,152
1562628051163,2331,154
1562628051187,2332,155
1562628051215,2333,156
1562628051269,2334,157
1562628051300,2335,158
1562628051342,2336,156
1562628051379,2337,157
1562628051428,2338,150
1562628051463,2339,147
1562628051495,2340,143
1562628051539,2341,144
1562628051571,2342,144
1562628051620,2343,142
1562628051651,2344,141
1562628051702,2345,137
1562628051736,2346,132
1562628051770,2347,131
1562628051811,2348,128
1562628051843,2349,126
1562628051894,2350,128
1562628051926,2351,128
1562628051970,2352,125
1562628052004,2353,125
1562628052050,2354,130
1562628052082,2355,129
1562628052115,2356,127
1562628052167,2357,128
1562628052201,2358,129
1562628052238,2359,132
1562628052276,2360,139
1562628052325,2361,143
1562628052360,2362,148
1562628052387,2363,152
1562628052431,2364,152
1562628052470,2365,153
1562628052509,2366,153
1562628052547,2367,152
1562628052610,2368,155
1562628052645,2369,156
1562628052676,2370,158
1562628052708,2371,161
1562628052741,2372,169
1562628052786,2373,168
1562628052819,2374,167
1562628052870,2375,169
1562628052902,2376,171
1562628052946,2377,171
1562628052978,2378,178
1562628053013,2379,186
1562628053061,2380,183
1562628053093,2381,183
1562628053142,2382,181
1562628053175,2383,177
1562628053219,2384,177
1562628053251,2385,177
1562628053292,2386,176
1562628053335,2387,174
1562628053367,2388,174
1562628053431,2389,170
1562628053470,2390,167
1562628053491,2391,161
1562628053522,2392,156
1562628053553,2393,155
1562628053598,2394,151
1562628053640,2395,145
1562628053682,2396,144
1562628053715,2397,143
1562628053764,2398,143
1562628053797,2399,146
1562628053829,2400,142
1562628053879,2401,142
1562628053909,2402,143
1562628053955,2403,141
1562628054003,2404,144
1562628054039,2405,140
1562628054074,2406,144
1562628054128,2407,145
1562628054153,2408,140
1562628054178,2409,138
1562628054247,2410,131
1562628054282,2411,125
1562628054311,2412,125
1562628054342,2413,124
1562628054375,2414,123
1562628054428,2415,125
1562628054452,2416,127
1562628054501,2417,127
1562628054534,2418,131
1562628054581,2419,133
1562628054613,2420,134
1562628054661,2421,136
1562628054695,2422,139
1562628054728,2423,142
1562628054772,2424,145
1562628054809,2425,149
1562628054856,2426,154
1562628054889,2427,159
1562628054934,2428,162
1562628054962,2429,166
1562628055012,2430,167
1562628055061,2431,170
1562628055090,2432,169
1562628055126,2433,170
1562628055158,2434,175
1562628055206,2435,177
1562628055237,2436,178
1562628055284,2437,179
1562628055317,2438,176
1562628055349,2439,170
1562628055396,2440,165
1562628055429,2441,165
1562628055477,2442,163
1562628055510,2443,156
1562628055556,2444,155
1562628055589,2445,152
1562628055623,2446,154
1562628055665,2447,158
1562628055703,2448,156
1562628055751,2449,156
1562628055783,2450,155
1562628055841,2451,154
1562628055883,2452,151
1562628055906,2453,150
1562628055940,2454,149
1562628055974,2455,154
1562628056030,2456,153
1562628056063,2457,150
1562628056104,2458,147
1562628056136,2459,147
1562628056167,2460,148
1562628056213,2461,149
1562628056245,2462,151
1562628056292,2463,151
1562628056327,2464,150
1562628056372,2465,148
1562628056404,2466,146
1562628056437,2467,143
1562628056486,2468,140
1562628056518,2469,142
1562628056560,2470,142
1562628056599,2471,145
1562628056661,2472,148
1562628056700,2473,151
1562628056716,2474,152
1562628056754,2475,153
1562628056791,2476,153
1562628056836,2477,152
1562628056868,2478,151
1562628056919,2479,151
1562628056951,2480,154
1562628056997,2481,153
1562628057029,2482,156
1562628057063,2483,157
1562628057109,2484,155
1562628057144,2485,155
1562628057185,2486,155
1562628057222,2487,155
1562628057268,2488,156
1562628057306,2489,155
1562628057335,2490,155
1562628057382,2491,156
1562628057419,2492,156
1562628057479,2493,157
1562628057511,2494,154
1562628057540,2495,156
1562628057574,2496,159
1562628057606,2497,158
1562628057652,2498,158
1562628057689,2499,155
1562628057734,2500,156
1562628057776,2501,156
1562628057813,2502,154
1562628057846,2503,154
1562628057878,2504,150
1562628057927,2505,148
1562628057968,2506,147
1562628058005,2507,145
1562628058039,2508,148
1562628058089,2509,152
1562628058118,2510,153
1562628058145,2511,156
1562628058201,2512,156
1562628058247,2513,158
1562628058295,2514,159
1562628058326,2515,156
1562628058361,2516,156
1562628058392,2517,154
1562628058438,2518,154
1562628058471,2519,155
1562628058503,2520,155
1562628058550,2521,153
1562628058582,2522,156
1562628058634,2523,156
1562628058686,2524,155
1562628058713,2525,155
1562628058746,2526,156
1562628058779,2527,161
1562628058822,2528,163
1562628058859,2529,164
1562628058907,2530,167
1562628058939,2531,168
1562628058982,2532,171
1562628059014,2533,172
1562628059068,2534,169
1562628059115,2535,170
1562628059137,2536,169
1562628059174,2537,166
1562628059208,2538,165
1562628059254,2539,164
1562628059287,2540,162
1562628059314,2541,163
1562628059366,2542,161
1562628059404,2543,161
1562628059447,2544,165
1562628059480,2545,166
1562628059530,2546,169
1562628059562,2547,169
1562628059594,2548,169
1562628059640,2549,169
1562628059673,2550,167
1562628059720,2551,166
1562628059753,2552,162
1562628059804,2553,161
1562628059841,2554,163
1562628059900,2555,159
1562628059943,2556,156
1562628059962,2557,155
1562628059993,2558,153
1562628060025,2559,150
1562628060072,2560,149
1562628060106,2561,149
1562628060149,2562,150
1562628060190,2563,147
1562628060227,2564,149
1562628060264,2565,148
1562628060296,2566,147
1562628060343,2567,146
1562628060377,2568,143
1562628060430,2569,145
1562628060455,2570,152
1562628060483,2571,151
1562628060536,2572,151
1562628060573,2573,153
1562628060615,2574,150
1562628060663,2575,150
1562628060712,2576,150
1562628060747,2577,146
1562628060776,2578,144
1562628060812,2579,147
1562628060840,2580,145
1562628060887,2581,143
1562628060920,2582,143
1562628060968,2583,138
1562628061002,2584,135
1562628061047,2585,134
1562628061080,2586,136
1562628061112,2587,138
1562628061160,2588,136
1562628061192,2589,141
1562628061240,2590,141
1562628061273,2591,136
1562628061320,2592,137
1562628061351,2593,135
1562628061377,2594,136
1562628061436,2595,138
1562628061478,2596,141
1562628061526,2597,145
1562628061556,2598,153
1562628061591,2599,158
1562628061623,2600,162
1562628061655,2601,160
1562628061703,2602,161
1562628061737,2603,163
1562628061784,2604,166
1562628061814,2605,164
1562628061865,2606,168
1562628061896,2607,168
1562628061944,2608,165
1562628061976,2609,168
1562628062010,2610,166
1562628062056,2611,166
1562628062088,2612,165
1562628062137,2613,164
1562628062171,2614,167
1562628062224,2615,167
1562628062249,2616,170
1562628062288,2617,172
1562628062343,2618,170
1562628062369,2619,170
1562628062410,2620,167
1562628062441,2621,165
1562628062487,2622,166
1562628062522,2623,168
1562628062554,2624,172
1562628062603,2625,174
1562628062635,2626,175
1562628062682,2627,175
1562628062713,2628,174
1562628062757,2629,175
1562628062793,2630,174
1562628062825,2631,173
1562628062873,2632,169
1562628062906,2633,165
1562628062956,2634,166
1562628062988,2635,169
1562628063027,2636,167
1562628063067,2637,169
1562628063118,2638,174
1562628063161,2639,178
1562628063183,2640,177
1562628063224,2641,187
1562628063265,2642,198
1562628063306,2643,193
1562628063337,2644,194
1562628063373,2645,192
1562628063420,2646,178
1562628063449,2647,179
1562628063493,2648,176
1562628063532,2649,167
1562628063585,2650,165
1562628063613,2651,162
1562628063643,2652,153
1562628063686,2653,150
1562628063723,2654,149
1562628063769,2655,145
1562628063803,2656,145
1562628063852,2657,149
1562628063893,2658,149
1562628063955,2659,150
1562628063989,2660,151
1562628064005,2661,150
1562628064036,2662,151
1562628064073,2663,150
1562628064124,2664,150
1562628064151,2665,151
1562628064194,2666,150
1562628064233,2667,152
1562628064266,2668,151
1562628064315,2669,154
1562628064346,2670,159
1562628064396,2671,158
1562628064428,2672,156
1562628064472,2673,151
1562628064506,2674,148
1562628064537,2675,146
1562628064588,2676,140
1562628064621,2677,142
1562628064666,2678,145
1562628064712,2679,143
1562628064762,2680,147
1562628064792,2681,147
1562628064806,2682,140
1562628064858,2683,141
1562628064892,2684,144
1562628064937,2685,140
1562628064971,2686,144
1562628065019,2687,146
1562628065051,2688,140
1562628065097,2689,137
1562628065132,2690,131
1562628065163,2691,129
1562628065212,2692,125
1562628065246,2693,125
1562628065293,2694,125
1562628065325,2695,126
1562628065370,2696,136
1562628065402,2697,144
1562628065434,2698,147
1562628065484,2699,155
1562628065532,2700,156
1562628065580,2701,157
1562628065607,2702,169
1562628065642,2703,171
1562628065673,2704,178
1562628065707,2705,179
1562628065757,2706,187
1562628065793,2707,191
1562628065839,2708,189
1562628065872,2709,193
1562628065918,2710,191
1562628065948,2711,188
1562628065974,2712,184
1562628066031,2713,177
1562628066059,2714,170
1562628066099,2715,165
1562628066139,2716,156
1562628066190,2717,153
1562628066221,2718,156
1562628066253,2719,152
1562628066301,2720,155
1562628066342,2721,151
1562628066394,2722,143
1562628066421,2723,140
1562628066465,2724,132
1562628066495,2725,134
1562628066527,2726,135
1562628066572,2727,131
1562628066603,2728,131
1562628066648,2729,128
1562628066685,2730,128
1562628066731,2731,132
1562628066766,2732,132
1562628066810,2733,132
1562628066843,2734,134
1562628066876,2735,130
1562628066925,2736,129
1562628066958,2737,133
1562628067003,2738,134
1562628067035,2739,144
1562628067083,2740,145
1562628067116,2741,148
1562628067166,2742,149
1562628067211,2743,152
1562628067232,2744,154
1562628067282,2745,156
1562628067308,2746,161
1562628067357,2747,165
1562628067390,2748,169
1562628067421,2749,171
1562628067468,2750,173
1562628067502,2751,176
1562628067546,2752,180
1562628067579,2753,185
1562628067630,2754,185
1562628067662,2755,190
1562628067708,2756,192
1562628067741,2757,191
1562628067772,2758,193
1562628067819,2759,197
1562628067852,2760,199
1562628067894,2761,198
1562628067944,2762,193
1562628067996,2763,189
1562628068029,2764,185
1562628068047,2765,176
1562628068087,2766,165
1562628068124,2767,158
1562628068173,2768,154
1562628068205,2769,139
1562628068250,2770,134
1562628068286,2771,128
1562628068310,2772,122
1562628068368,2773,122
1562628068401,2774,117
1562628068445,2775,99
1562628068478,2776,100
1562628068525,2777,113
1562628068556,2778,118
1562628068592,2779,124
1562628068637,2780,126
1562628068670,2781,127
1562628068719,2782,136
1562628068764,2783,148
1562628068814,2784,153
1562628068845,2785,165
1562628068863,2786,172
1562628068911,2787,182
1562628068942,2788,191
1562628068988,2789,191
1562628069020,2790,198
1562628069069,2791,196
1562628069103,2792,194
1562628069149,2793,196
1562628069180,2794,198
1562628069214,2795,200
1562628069261,2796,191
1562628069292,2797,178
1562628069341,2798,180
1562628069375,2799,170
1562628069420,2800,156
1562628069455,2801,155
1562628069491,2802,155
1562628069535,2803,156
1562628069596,2804,157
1562628069633,2805,153
1562628069656,2806,139
1562628069694,2807,125
1562628069726,2808,124
1562628069757,2809,115
1562628069805,2810,100
1562628069838,2811,104
1562628069885,2812,110
1562628069920,2813,111
1562628069966,2814,123
1562628069998,2815,124
1562628070030,2816,124
1562628070077,2817,125
1562628070110,2818,137
1562628070168,2819,145
1562628070188,2820,162
1562628070236,2821,174
1562628070270,2822,175
1562628070319,2823,195
1562628070348,2824,197
1562628070398,2825,188
1562628070444,2826,197
1562628070465,2827,195
1562628070510,2828,197
1562628070542,2829,197
1562628070588,2830,179
1562628070622,2831,167
1562628070654,2832,167
1562628070702,2833,170
1562628070734,2834,186
1562628070781,2835,189
1562628070814,2836,187
1562628070860,2837,188
1562628070894,2838,188
1562628070926,2839,173
1562628070973,2840,173
1562628071005,2841,172
1562628071055,2842,161
1562628071086,2843,155
1562628071133,2844,155
1562628071174,2845,151
1562628071219,2846,149
1562628071258,2847,143
1562628071278,2848,139
1562628071323,2849,139
1562628071357,2850,143
1562628071404,2851,147
1562628071438,2852,142
1562628071471,2853,128
1562628071519,2854,124
1562628071551,2855,124
1562628071600,2856,124
1562628071630,2857,124
1562628071676,2858,124
1562628071717,2859,125
1562628071756,2860,125
1562628071788,2861,136
1562628071822,2862,138
1562628071870,2863,155
1562628071903,2864,164
1562628071948,2865,164
1562628071996,2866,168
1562628072042,2867,167
1562628072078,2868,165
1562628072104,2869,170
1562628072141,2870,173
1562628072173,2871,167
1562628072222,2872,177
1562628072256,2873,184
1562628072303,2874,178
1562628072334,2875,174
1562628072369,2876,172
1562628072415,2877,169
1562628072445,2878,172
1562628072496,2879,176
1562628072526,2880,180
1562628072575,2881,174
1562628072607,2882,167
1562628072641,2883,168
1562628072687,2884,161
1562628072718,2885,161
1562628072776,2886,162
1562628072818,2887,163
1562628072862,2888,177
1562628072885,2889,174
1562628072908,2890,168
1562628072959,2891,174
1562628072996,2892,174
1562628073038,2893,166
1562628073074,2894,167
1562628073120,2895,168
1562628073157,2896,169
1562628073199,2897,169
1562628073232,2898,171
1562628073271,2899,173
1562628073311,2900,167
1562628073342,2901,170
1562628073391,2902,169
1562628073424,2903,164
1562628073469,2904,161
1562628073511,2905,157
1562628073539,2906,155
1562628073584,2907,154
1562628073618,2908,155
1562628073665,2909,155
1562628073700,2910,153
1562628073743,2911,155
1562628073774,2912,157
1562628073806,2913,155
1562628073858,2914,153
1562628073890,2915,155
1562628073933,2916,156
1562628073972,2917,156
1562628074017,2918,156
1562628074046,2919,159
1562628074078,2920,156
1562628074133,2921,155
1562628074164,2922,149
1562628074207,2923,143
1562628074239,2924,145
1562628074291,2925,144
1562628074333,2926,143
1562628074364,2927,143
1562628074401,2928,139
1562628074432,2929,139
1562628074477,2930,140
1562628074510,2931,139
1562628074559,2932,141
1562628074591,2933,145
1562628074624,2934,145
1562628074671,2935,147
1562628074702,2936,145
1562628074750,2937,142
1562628074782,2938,142
1562628074830,2939,139
1562628074865,2940,135
1562628074910,2941,136
1562628074942,2942,136
1562628074975,2943,135
1562628075024,2944,139
1562628075056,2945,139
1562628075111,2946,139
1562628075152,2947,144
1562628075197,2948,148
1562628075216,2949,147
1562628075246,2950,147
1562628075299,2951,148
1562628075332,2952,150
1562628075375,2953,153
1562628075407,2954,156
1562628075454,2955,161
1562628075487,2956,165
1562628075518,2957,166
1562628075567,2958,164
1562628075599,2959,164
1562628075646,2960,164
1562628075679,2961,165
1562628075727,2962,168
1562628075762,2963,164
1562628075807,2964,165
1562628075840,2965,168
1562628075872,2966,165
1562628075931,2967,165
1562628075965,2968,166
1562628076010,2969,162
1562628076034,2970,161
1562628076083,2971,162
1562628076117,2972,161
1562628076152,2973,162
1562628076194,2974,164
1562628076226,2975,165
1562628076275,2976,164
1562628076310,2977,163
1562628076356,2978,168
1562628076386,2979,165
1562628076418,2980,166
1562628076467,2981,167
1562628076499,2982,164
1562628076547,2983,166
1562628076579,2984,166
1562628076623,2985,164
1562628076660,2986,162
1562628076691,2987,165
1562628076757,2988,168
1562628076787,2989,169
1562628076824,2990,169
1562628076850,2991,168
1562628076896,2992,169
1562628076933,2993,169
1562628076963,2994,169
1562628077010,2995,168
1562628077043,2996,170
1562628077093,2997,172
1562628077124,2998,172
1562628077168,2999,172
1562628077203,3000,173
1562628077233,3001,171
1562628077284,3002,174
1562628077317,3003,171
1562628077362,3004,168
1562628077396,3005,167
1562628077440,3006,167
1562628077475,3007,169
1562628077529,3008,169
1562628077571,3009,166
1562628077607,3010,166
1562628077643,3011,164
1562628077664,3012,164
1562628077714,3013,163
1562628077751,3014,163
1562628077795,3015,164
1562628077827,3016,166
1562628077860,3017,170
1562628077905,3018,169
1562628077936,3019,167
1562628077987,3020,168
1562628078021,3021,165
1562628078065,3022,162
1562628078098,3023,165
1562628078133,3024,162
1562628078177,3025,156
1562628078210,3026,156
1562628078258,3027,155
1562628078291,3028,153
1562628078336,3029,151
1562628078367,3030,147
1562628078401,3031,145
1562628078451,3032,145
1562628078484,3033,147
1562628078530,3034,146
1562628078564,3035,150
1562628078608,3036,152
1562628078640,3037,150
1562628078673,3038,151
1562628078726,3039,148
1562628078754,3040,147
1562628078800,3041,147
1562628078832,3042,148
1562628078882,3043,153
1562628078915,3044,158
1562628078950,3045,64
1562628079000,3046,155
1562628079080,3047,155
1562628079131,3048,156
1562628079156,3049,155
1562628079170,3050,153
1562628079200,3051,156
1562628079257,3052,155
1562628079285,3053,159
1562628079332,3054,189
1562628080352,3055,181
1562628080403,3056,184
1562628080449,3057,184
1562628080473,3058,182
1562628080517,3059,190
1562628080548,3060,188
1562628080594,3061,185
1562628080628,3062,181
1562628080675,3063,175
1562628080706,3064,170
1562628080740,3065,169
1562628080787,3066,165
1562628080823,3067,144
1562628080898,3068,147
1562628080945,3069,142
1562628080979,3070,140
1562628081012,3071,142
1562628081043,3072,139
1562628081095,3073,134
1562628081138,3074,124
1562628081188,3075,120
1562628081237,3076,123
1562628081269,3077,122
1562628081290,3078,127
1562628081332,3079,129
1562628081368,3080,127
1562628081414,3081,134
1562628081446,3082,141
1562628081493,3083,148
1562628081524,3084,163
1562628081560,3085,169
1562628081605,3086,177
1562628081639,3087,181
1562628081687,3088,179
1562628081719,3089,178
1562628081765,3090,178
1562628081797,3091,180
1562628081831,3092,178
1562628081878,3093,173
1562628081915,3094,173
1562628081957,3095,168
1562628082009,3096,165
1562628082054,3097,161
1562628082134,3098,168
1562628082165,3099,174
1562628082211,3100,171
1562628082243,3101,172
1562628082276,3102,170
1562628082322,3103,171
1562628082354,3104,180
1562628082404,3105,181
1562628082437,3106,185
1562628082483,3107,177
1562628082515,3108,173
1562628082546,3109,173
1562628082597,3110,166
1562628082633,3111,164
1562628082678,3112,161
1562628082710,3113,109
1562628084580,3114,117
1562628084613,3115,99
1562628084660,3116,90
1562628084695,3117,86
1562628084771,3118,63
1562628084812,3119,49
1562628084864,3120,64
1562628084893,3121,89
1562628084919,3122,117
1562628084950,3123,145
1562628084985,3124,156
1562628085029,3125,143
1562628085061,3126,131
1562628085110,3127,147
1562628085148,3128,181
1562628085192,3129,209
1562628085224,3130,210
1562628085268,3131,208
1562628085301,3132,208
1562628085333,3133,210
1562628085384,3134,208
1562628085418,3135,208
1562628085463,3136,204
1562628085494,3137,189
1562628085541,3138,154
1562628085573,3139,127
1562628085605,3140,127
1562628085670,3141,153
1562628085703,3142,185
1562628085733,3143,196
1562628085765,3144,198
1562628085815,3145,180
1562628085847,3146,156
1562628085877,3147,125
1562628085924,3148,124
1562628085962,3149,128
1562628086006,3150,147
1562628086037,3151,194
1562628086087,3152,209
1562628086121,3153,209
1562628086152,3154,206
1562628086198,3155,207
1562628086231,3156,198
1562628086279,3157,197
1562628086309,3158,203
1562628086361,3159,143
1562628086395,3160,125
1562628086437,3161,125
1562628086485,3162,125
1562628086518,3163,125
1562628086552,3164,125
1562628086584,3165,125
1562628086630,3166,125
1562628086663,3167,122
1562628086709,3168,126
1562628086757,3169,129
1562628086778,3170,133
1562628086821,3171,145
1562628086856,3172,159
1562628086903,3173,164
1562628086935,3174,162
1562628086983,3175,166
1562628087016,3176,185
1562628087047,3177,200
1562628087096,3178,199
1562628087132,3179,209
1562628087174,3180,208
1562628087206,3181,207
1562628087272,3182,210
1562628087311,3183,208
1562628087333,3184,197
1562628087367,3185,147
1562628087399,3186,123
1562628087445,3187,125
1562628087482,3188,123
1562628087532,3189,124
1562628087564,3190,125
1562628087593,3191,125
1562628087641,3192,136
1562628087672,3193,144
1562628087719,3194,143
1562628087753,3195,148
1562628087799,3196,175
1562628087832,3197,182
1562628087866,3198,200
1562628087916,3199,209
1562628087943,3200,201
1562628087994,3201,186
1562628088025,3202,180
1562628088094,3203,177
1562628088128,3204,176
1562628088156,3205,176
1562628088185,3206,171
1562628088216,3207,156
1562628088266,3208,148
1562628088298,3209,138
1562628088342,3210,130
1562628088374,3211,127
1562628088427,3212,127
1562628088459,3213,125
1562628088491,3214,125
1562628088536,3215,129
1562628088568,3216,137
1562628088617,3217,142
1562628088648,3218,150
1562628088695,3219,151
1562628088729,3220,159
1562628088767,3221,168
1562628088811,3222,175
1562628088855,3223,178
1562628088906,3224,175
1562628088943,3225,169
1562628088971,3226,170
1562628089000,3227,172
1562628089032,3228,170
1562628089081,3229,171
1562628089111,3230,173
1562628089163,3231,174
1562628089195,3232,179
1562628089240,3233,178
1562628089273,3234,187
1562628089320,3235,191
1562628089354,3236,193
1562628089384,3237,203
1562628089432,3238,200
1562628089467,3239,195
1562628089515,3240,190
1562628089545,3241,186
1562628089571,3242,172
1562628089628,3243,164
1562628089675,3244,153
1562628089722,3245,149
1562628089751,3246,136
1562628089785,3247,127
1562628089822,3248,126
1562628089865,3249,125
1562628089899,3250,125
1562628089932,3251,125
1562628089980,3252,127
1562628090010,3253,130
1562628090058,3254,133
1562628090090,3255,142
1562628090137,3256,148
1562628090169,3257,170
1562628090298,3258,170
1562628090347,3259,171
1562628090381,3260,174
1562628090426,3261,172
1562628090470,3262,172
1562628090533,3263,179
1562628090563,3264,177
1562628090587,3265,185
1562628090618,3266,192
1562628090651,3267,186
1562628090697,3268,180
1562628090730,3269,181
1562628090776,3270,180
1562628090808,3271,172
1562628090857,3272,168
1562628090893,3273,168
1562628090924,3274,152
1562628090971,3275,142
1562628091002,3276,142
1562628091350,3277,158
1562628091389,3278,145
1562628091426,3279,142
1562628091465,3280,139
1562628091497,3281,124
1562628091641,3282,129
1562628092059,3283,125
1562628092125,3284,123
1562628092170,3285,124
1562628092236,3286,192
1562628092665,3287,183
1562628092698,3288,191
1562628092970,3289,216
1562628093881,3290,212
1562628093971,3291,211
1562628093998,3292,211
1562628094027,3293,211
1562628094065,3294,211
1562628094105,3295,211
1562628094139,3296,212
1562628094171,3297,211
1562628094221,3298,209
1562628094252,3299,177
1562628094298,3300,111
1562628094331,3301,103
1562628094380,3302,60
1562628094409,3303,45
1562628094439,3304,45
1562628094495,3305,45
1562628094527,3306,45
1562628094571,3307,47
1562628094604,3308,46
1562628094652,3309,47
1562628094684,3310,67
1562628094732,3311,122
1562628094777,3312,202
1562628094807,3313,210
1562628094843,3314,211
1562628094875,3315,211
1562628094925,3316,213
1562628094956,3317,212
1562628095003,3318,212
1562628095035,3319,213
1562628095083,3320,213
1562628095116,3321,212
1562628095150,3322,210
1562628095200,3323,198
1562628095230,3324,137
1562628095277,3325,119
1562628095311,3326,125
1562628095340,3327,125
1562628095387,3328,125
1562628095420,3329,125
1562628095468,3330,118
1562628095500,3331,112
1562628095563,3332,114
1562628095599,3333,127
1562628095629,3334,136
1562628095661,3335,156
1562628095693,3336,174
1562628095739,3337,191
1562628095772,3338,200
1562628095820,3339,200
1562628095853,3340,199
1562628095885,3341,197
1562628095931,3342,182
1562628095967,3343,144
1562628096016,3344,124
1562628096048,3345,124
1562628096096,3346,114
1562628096128,3347,103
1562628096159,3348,97
1562628096205,3349,91
1562628096237,3350,93
1562628096283,3351,119
1562628096328,3352,123
1562628096387,3353,124
1562628096419,3354,124
1562628096444,3355,123
1562628096474,3356,124
1562628096509,3357,150
1562628096557,3358,176
1562628096590,3359,191
1562628096638,3360,207
1562628096667,3361,208
1562628096721,3362,211
1562628096753,3363,213
1562628096883,3364,209
1562628096901,3365,209
1562628096923,3366,209
1562628096938,3367,203
1562628096954,3368,167
1562628096994,3369,125
1562628097027,3370,124
1562628097060,3371,123
1562628097105,3372,125
1562628097156,3373,124
1562628097197,3374,125
1562628097222,3375,126
1562628097260,3376,197
1562628097532,3377,211
1562628097645,3378,189
1562628097772,3379,212
1562628097824,3380,211
1562628097855,3381,212
1562628097902,3382,211
1562628097954,3383,211
1562628098000,3384,212
1562628098031,3385,211
1562628098060,3386,210
1562628098095,3387,212
1562628098132,3388,208
1562628098175,3389,207
1562628098208,3390,191
1562628098253,3391,145
1562628098289,3392,124
1562628098333,3393,123
1562628098366,3394,118
1562628098397,3395,111
1562628098447,3396,98
1562628098481,3397,80
1562628098525,3398,50
1562628098562,3399,51
1562628098604,3400,73
1562628098637,3401,124
1562628098668,3402,124
1562628098726,3403,124
1562628098754,3404,124
1562628098798,3405,125
1562628098832,3406,161
1562628098878,3407,209
1562628098911,3408,209
1562628098940,3409,209
1562628098993,3410,210
1562628099025,3411,210
1562628099068,3412,211
1562628099102,3413,210
1562628099151,3414,106
1562628099280,3415,126
1562628099328,3416,89
1562628099714,3417,59
1562628099764,3418,50
1562628099806,3419,46
1562628099841,3420,42
1562628099870,3421,42
1562628099903,3422,40
1562628099934,3423,40
1562628099986,3424,40
1562628100018,3425,41
1562628100061,3426,42
1562628100093,3427,43
1562628100145,3428,64
1562628100180,3429,69
1562628100207,3430,85
1562628100253,3431,144
1562628100290,3432,209
1562628100335,3433,209
1562628100366,3434,210
1562628100419,3435,210
1562628100451,3436,211
1562628100494,3437,210
1562628100527,3438,212
1562628100564,3439,212
1562628100606,3440,212
1562628100639,3441,212
1562628100689,3442,210
1562628100721,3443,210
1562628100764,3444,207
1562628100799,3445,202
1562628100830,3446,182
1562628100878,3447,154
1562628100911,3448,169
1562628100965,3449,209
1562628100993,3450,209
1562628101036,3451,208
1562628101069,3452,207
1562628101102,3453,204
1562628101150,3454,73
1562628101184,3455,103
1562628101229,3456,125
1562628101264,3457,126
1562628101323,3458,116
1562628101359,3459,121
1562628101375,3460,121
1562628101421,3461,124
1562628101457,3462,124
1562628101503,3463,124
1562628101534,3464,124
1562628101584,3465,124
1562628101616,3466,124
1562628101649,3467,124
1562628101694,3468,124
1562628101728,3469,122
1562628101894,3470,126
1562628101910,3471,122
1562628101925,3472,125
1562628101945,3473,124
1562628101958,3474,123
1562628101977,3475,133
1562628101997,3476,175
1562628102049,3477,208
1562628102100,3478,207
1562628102154,3479,207
1562628102178,3480,197
1562628102201,3481,178
1562628102239,3482,176
1562628102274,3483,183
1562628102323,3484,183
1562628102358,3485,173
1562628102403,3486,138
1562628102438,3487,116
1562628102484,3488,102
1562628102518,3489,88
1562628102553,3490,91
1562628102595,3491,102
1562628102627,3492,113
1562628102671,3493,116
1562628102703,3494,124
1562628102751,3495,124
1562628102784,3496,125
1562628102831,3497,140
1562628102863,3498,162
1562628102910,3499,197
1562628102960,3500,210
1562628102987,3501,209
1562628103025,3502,210
1562628103060,3503,209
1562628103120,3504,200
1562628103143,3505,156
1562628103169,3506,127
1562628103217,3507,125
1562628103253,3508,125
1562628103300,3509,126
1562628103333,3510,125
1562628103382,3511,125
1562628103412,3512,125
1562628103446,3513,125
1562628103486,3514,125
1562628103520,3515,129
1562628103568,3516,162
1562628103603,3517,179
1562628103651,3518,180
1562628103682,3519,187
1562628103730,3520,197
1562628103777,3521,207
1562628103796,3522,208
1562628103840,3523,206
1562628103874,3524,189
1562628103924,3525,172
1562628103955,3526,156
1562628103987,3527,125
1562628104033,3528,122
1562628104066,3529,124
1562628104116,3530,124
1562628104148,3531,124
1562628104192,3532,125
1562628104224,3533,127
1562628104272,3534,137
1562628104306,3535,152
1562628104338,3536,166
1562628104385,3537,177
1562628104419,3538,202
1562628104541,3539,200
1562628104599,3540,184
1562628104782,3541,191
1562628104835,3542,173
1562628104876,3543,125
1562628104901,3544,125
1562628104929,3545,149
1562628105522,3546,127
1562628105604,3547,125
1562628105666,3548,125
1562628105697,3549,125
1562628105729,3550,123
1562628105763,3551,125
1562628105813,3552,128
1562628105846,3553,126
1562628105875,3554,125
1562628105925,3555,127
1562628105954,3556,128
1562628106003,3557,139
1562628106033,3558,157
1562628106081,3559,185
1562628106113,3560,206
1562628106161,3561,207
1562628106196,3562,206
1562628106227,3563,206
1562628106273,3564,203
1562628106305,3565,172
1562628106354,3566,136
1562628106387,3567,126
1562628106446,3568,127
1562628106488,3569,126
1562628106513,3570,125
1562628106542,3571,125
1562628106579,3572,125
1562628106627,3573,125
1562628106657,3574,125
1562628106706,3575,126
1562628106738,3576,125
1562628106772,3577,124
1562628106817,3578,125
1562628106851,3579,125
1562628106897,3580,126
1562628106929,3581,132
1562628106978,3582,140
1562628107011,3583,150
1562628107045,3584,161
1562628107090,3585,179
1562628107125,3586,198
1562628107170,3587,204
1562628107200,3588,193
1562628107270,3589,183
1562628107298,3590,190
1562628107328,3591,200
1562628107375,3592,198
1562628107409,3593,196
1562628107442,3594,175
1562628107473,3595,130
1562628107523,3596,126
1562628107556,3597,126
1562628107587,3598,129
1562628107634,3599,125
1562628107666,3600,125
1562628107715,3601,125
1562628107747,3602,125
1562628107794,3603,125
1562628107826,3604,125
1562628107873,3605,125
1562628107904,3606,126
1562628107939,3607,125
1562628107988,3608,125
1562628108020,3609,125
1562628108067,3610,132
1562628108098,3611,142
1562628108161,3612,152
1562628108195,3613,174
1562628108225,3614,193
1562628108259,3615,194
1562628108295,3616,199
1562628108338,3617,205
1562628108371,3618,203
1562628108419,3619,196
1562628108452,3620,191
1562628108489,3621,168
1562628108534,3622,118
1562628108566,3623,125
1562628108612,3624,125
1562628108650,3625,126
1562628108693,3626,126
1562628108728,3627,127
1562628108757,3628,127
1562628108805,3629,125
1562628108840,3630,126
1562628108885,3631,125
1562628108920,3632,125
1562628108981,3633,134
1562628109013,3634,155
1562628109036,3635,175
1562628109072,3636,195
1562628109121,3637,209
1562628109158,3638,209
1562628109187,3639,206
1562628109234,3640,207
1562628109266,3641,206
1562628109299,3642,172
1562628109346,3643,123
1562628109381,3644,125
1562628109427,3645,127
1562628109591,3646,123
1562628109624,3647,125
1562628109658,3648,126
1562628109700,3649,125
1562628109833,3650,125
1562628109863,3651,125
1562628109894,3652,124
1562628109991,3653,127
1562628110023,3654,125
1562628110068,3655,132
1562628110100,3656,142
1562628110145,3657,151
1562628110179,3658,165
1562628110228,3659,174
1562628110260,3660,190
1562628110307,3661,207
1562628110339,3662,206
1562628110374,3663,208
1562628110419,3664,209
1562628110452,3665,209
1562628110503,3666,201
1562628110534,3667,127
1562628110604,3668,116
1562628110638,3669,127
